NORESM2-LM Tuned Parameters for Different Thermal Boxes,,
Thermal Box,d,q
1,0.8890560036457634,0.39800072344258075
2,0.41525673456424955,0.0008105082695183459
3,1109.7351028412484,1.4691141355973292
