NORESM2-LM Tuned Parameters for Different Thermal Boxes,,
Thermal Box,d,q
1,3.618666133385197,0.25850810654203676
2,573.7601033116808,56.88681451472799
3,61702.942801412144,0.0008003069788315275
