NORESM2-LM Tuned Parameters for Different Thermal Boxes,,
Thermal Box,d,q
1,3.6294089220603802,0.4682425068195092
2,15.615061189037926,0.49266551917192664
3,36.404133892438566,2.3652270826697428e-07
