NORESM2-LM Tuned Parameters for Different Thermal Boxes,,
Thermal Box,d,q
1,3.9272551487786496,0.3902383908817069
2,346.5183881853641,34.34620047220099
3,84.50649799929451,2.5620301139689006e-05
