NORESM2-LM Tuned Parameters for Different Thermal Boxes,,
Thermal Box,d,q
1,5.2400819081585635,0.6768149843009676
2,50.70442085917513,5.189292461168635
3,105.375837206651,3.969463069958382e-06
