NORESM2-LM Tuned Parameters for Different Thermal Boxes,,
Thermal Box,d,q
1,5.24008717976456,0.676815914721396
2,50.70427393093012,5.189255689040018
3,105.37631491382672,6.316401457761979e-05
