NORESM2-LM Tuned Parameters for Different Thermal Boxes,,
Thermal Box,d,q
1,3.911696041405616,0.2855394756925823
2,386.14710004930345,37.18109363460028
3,221.3868747380116,0.00025962708224318596
