NORESM2-LM Tuned Parameters for Different Thermal Boxes,,
Thermal Box,d,q
1,3.322218293644481,0.17763103638570235
2,128.29587070366583,5.3303669900594715
3,36.95415477554264,1.8076372897350144e-06
