NORESM2-LM Tuned Parameters for Different Thermal Boxes,,
Thermal Box,d,q
1,4.0576162662605775,0.3213940812123081
2,495.35450979222406,94.1879314168751
3,211511094404.14795,0.003908294339513359
