NORESM2-LM Tuned Parameters for Different Thermal Boxes,,
Thermal Box,d,q
1,4.057619038811743,0.32139362469407906
2,495.3483681736293,94.18681058900518
3,153895169316.64163,0.003967944713611177
