NORESM2-LM Tuned Parameters for Different Thermal Boxes,,
Thermal Box,d,q
1,0.024075702621381413,1.1041780821877348e-06
2,2.188136682524907,0.15634190845582388
3,56.49935750486013,1.8415599712567334
